[{"id":"user-image-BLooMStrategyLLC.png","publicUrl":"np://user.desktop.nicepage.com/Site_5322082/images/BLooMStrategyLLC.png","size":270775,"hash":"zGYnN+N510kku5dW50xpUcEgY1M=","fileName":"BLooMStrategyLLC.png","name":"BLooMStrategyLLC","width":1650,"height":1275,"thumbnail":{"url":"np://user.desktop.nicepage.com/Site_5322082/images/thumbnails/BLooMStrategyLLC.png","width":250,"height":193},"folderId":null,"usages":["2849218201"]},{"id":"user-image-10477580.png","publicUrl":"np://user.desktop.nicepage.com/Site_5322082/images/10477580.png","size":1985,"hash":"SKZs2i8gWx8jXcrdKBaDI5Uzmbw=","fileName":"10477580.png","name":"10477580","width":128,"height":128,"thumbnail":{"url":"np://user.desktop.nicepage.com/Site_5322082/images/thumbnails/10477580.png","width":128,"height":128,"length":1985,"type":"png"},"folderId":null,"usages":["3710550"]},{"id":"user-image-5968854.png","publicUrl":"np://user.desktop.nicepage.com/Site_5322082/images/5968854.png","size":2221,"hash":"bGkkFNbVZ4ImLuB0/+zmeylh7WQ=","fileName":"5968854.png","name":"5968854","width":128,"height":128,"thumbnail":{"url":"np://user.desktop.nicepage.com/Site_5322082/images/thumbnails/5968854.png","width":128,"height":128,"length":2221,"type":"png"},"folderId":null,"usages":["3710550"]},{"id":"user-image-482138.png","publicUrl":"np://user.desktop.nicepage.com/Site_5322082/images/482138.png","size":3813,"hash":"W2igwWoLg6HTX1lh/e5OFct7Mi4=","fileName":"482138.png","name":"482138","width":128,"height":128,"thumbnail":{"url":"np://user.desktop.nicepage.com/Site_5322082/images/thumbnails/482138.png","width":128,"height":128,"length":3813,"type":"png"},"folderId":null,"usages":["3710550"]},{"id":"user-image-346167.png","publicUrl":"np://user.desktop.nicepage.com/Site_5322082/images/346167.png","size":5123,"hash":"JN9ftmWfe6jDUaxzOtLvGVkPtBE=","fileName":"346167.png","name":"346167","width":128,"height":128,"thumbnail":{"url":"np://user.desktop.nicepage.com/Site_5322082/images/thumbnails/346167.png","width":128,"height":128,"length":5123,"type":"png"},"folderId":null,"usages":["2849218201"]},{"id":"user-image-comp_crop.JPG","publicUrl":"np://user.desktop.nicepage.com/Site_5322082/images/comp_crop.JPG","size":1954786,"hash":"JJ7APevZnTxlMbQeMJr73Qi65F0=","fileName":"comp_crop.JPG","name":"comp_crop","width":5505,"height":3665,"thumbnail":{"url":"np://user.desktop.nicepage.com/Site_5322082/images/thumbnails/comp_crop.JPG","width":250,"height":166},"folderId":null,"usages":["2849218201"]},{"id":"user-image-at-board.png","publicUrl":"np://user.desktop.nicepage.com/Site_5322082/images/at-board.png","size":232973,"fileName":"at-board.png","name":"at-board","width":668,"height":512,"thumbnail":{"url":"np://user.desktop.nicepage.com/Site_5322082/images/thumbnails/at-board.png","width":250,"height":192},"usages":["97792311"]},{"id":"user-image--min.jpg","publicUrl":"np://user.desktop.nicepage.com/Site_5322082/images/-min.jpg","size":153743,"fileName":"-min.jpg","name":"-min","width":1600,"height":971,"thumbnail":{"url":"np://user.desktop.nicepage.com/Site_5322082/images/thumbnails/-min.jpg","width":250,"height":152},"originalUrl":"//images01.nicepage.com/c461c07a441a5d220e8feb1a/f790b890520451e08f7290a2/-min.jpg","usages":[]},{"id":"user-image-3536569.png","publicUrl":"np://user.desktop.nicepage.com/Site_5322082/images/3536569.png","size":1865,"fileName":"3536569.png","name":"3536569","width":128,"height":128,"thumbnail":{"url":"np://user.desktop.nicepage.com/Site_5322082/images/thumbnails/3536569.png","width":128,"height":128,"length":1865},"usages":["97792311"]},{"id":"user-image-5968906.png","publicUrl":"np://user.desktop.nicepage.com/Site_5322082/images/5968906.png","size":2970,"fileName":"5968906.png","name":"5968906","width":128,"height":128,"thumbnail":{"url":"np://user.desktop.nicepage.com/Site_5322082/images/thumbnails/5968906.png","width":128,"height":128,"length":2970},"usages":["97792311"]},{"id":"user-image-8b19588e-4adb-bc52-e00a-5745928331b1.jpg","publicUrl":"np://user.desktop.nicepage.com/Site_5322082/images/8b19588e-4adb-bc52-e00a-5745928331b1.jpg","size":62511,"fileName":"8b19588e-4adb-bc52-e00a-5745928331b1.jpg","name":"8b19588e-4adb-bc52-e00a-5745928331b1","width":895,"height":1080,"thumbnail":{"url":"np://user.desktop.nicepage.com/Site_5322082/images/thumbnails/8b19588e-4adb-bc52-e00a-5745928331b1.jpg","width":207,"height":250},"originalUrl":"//images01.nicepage.com/c461c07a441a5d220e8feb1a/43e88a513ee8594596cb37f5/8b19588e-4adb-bc52-e00a-5745928331b1.jpg","usages":[]},{"id":"user-image-arms-folded.jpg","publicUrl":"np://user.desktop.nicepage.com/Site_5322082/images/arms-folded.jpg","size":421199,"fileName":"arms-folded.jpg","name":"arms-folded","width":1440,"height":1800,"thumbnail":{"url":"np://user.desktop.nicepage.com/Site_5322082/images/thumbnails/arms-folded.jpg","width":200,"height":250},"usages":["97792311"]},{"id":"user-image--min1.jpg","publicUrl":"np://user.desktop.nicepage.com/Site_5322082/images/-min1.jpg","size":171346,"fileName":"-min1.jpg","name":"-min1","width":1200,"height":881,"thumbnail":{"url":"np://user.desktop.nicepage.com/Site_5322082/images/thumbnails/-min1.jpg","width":250,"height":184},"originalUrl":"//images02.nicepage.com/c461c07a441a5d220e8feb1a/5914b5a84d835618bb9e374c/-min.jpg","usages":[]},{"id":"user-image-gfggg-min.jpg","publicUrl":"np://user.desktop.nicepage.com/Site_5322082/images/gfggg-min.jpg","size":105290,"fileName":"gfggg-min.jpg","name":"gfggg-min","width":1200,"height":800,"thumbnail":{"url":"np://user.desktop.nicepage.com/Site_5322082/images/thumbnails/gfggg-min.jpg","width":250,"height":167},"originalUrl":"//images01.nicepage.com/c461c07a441a5d220e8feb1a/474c9e82173f59dca4c194b5/gfggg-min.jpg","usages":[]},{"id":"user-image-ggg.jpg","publicUrl":"np://user.desktop.nicepage.com/Site_5322082/images/ggg.jpg","size":51439,"fileName":"ggg.jpg","name":"ggg","width":1090,"height":1080,"thumbnail":{"url":"np://user.desktop.nicepage.com/Site_5322082/images/thumbnails/ggg.jpg","width":250,"height":248},"originalUrl":"//images01.nicepage.com/c461c07a441a5d220e8feb1a/7e1661407a6358d6815a1ac8/ggg.jpg","usages":[]},{"id":"user-image-hold.jpg","publicUrl":"np://user.desktop.nicepage.com/Site_5322082/images/hold.jpg","size":271189,"fileName":"hold.jpg","name":"hold","width":2048,"height":1365,"thumbnail":{"url":"np://user.desktop.nicepage.com/Site_5322082/images/thumbnails/hold.jpg","width":250,"height":167},"usages":["97792311"]},{"id":"user-image-peabody.jpg","publicUrl":"np://user.desktop.nicepage.com/Site_5322082/images/peabody.jpg","size":82464,"fileName":"peabody.jpg","name":"peabody","width":720,"height":960,"thumbnail":{"url":"np://user.desktop.nicepage.com/Site_5322082/images/thumbnails/peabody.jpg","width":188,"height":250},"usages":["97792311"]},{"id":"user-image-trh.jpg","publicUrl":"np://user.desktop.nicepage.com/Site_5322082/images/trh.jpg","size":30473,"fileName":"trh.jpg","name":"trh","width":1920,"height":1200,"thumbnail":{"url":"np://user.desktop.nicepage.com/Site_5322082/images/thumbnails/trh.jpg","width":250,"height":156},"originalUrl":"//images03.nicepage.com/c461c07a441a5d220e8feb1a/4db3e7b4313f5d8dbe1b6bb6/trh.jpg","usages":[]}]