[{"id":"user-image-3536569.png","publicUrl":"np://user.desktop.nicepage.com/Site_62529342/images/3536569.png","size":1865,"hash":"3UeGYKI3wwBq/Q+2ngpdDORNbQk=","fileName":"3536569.png","name":"3536569","width":128,"height":128,"thumbnail":{"url":"np://user.desktop.nicepage.com/Site_62529342/images/thumbnails/3536569.png","width":128,"height":128,"length":1865,"type":"png"},"folderId":null,"usages":["97792311"]},{"id":"user-image-5968906.png","publicUrl":"np://user.desktop.nicepage.com/Site_62529342/images/5968906.png","size":2970,"hash":"kf61fpIwuduZhP0tEtRMGJBSOwQ=","fileName":"5968906.png","name":"5968906","width":128,"height":128,"thumbnail":{"url":"np://user.desktop.nicepage.com/Site_62529342/images/thumbnails/5968906.png","width":128,"height":128,"length":2970,"type":"png"},"folderId":null,"usages":["97792311"]},{"id":"user-image--min1.jpg","publicUrl":"np://user.desktop.nicepage.com/Site_62529342/images/-min1.jpg","size":171346,"hash":"MhTqeTfwIj2vIHqXHtdFruBENsE=","fileName":"-min1.jpg","name":"-min1","width":1200,"height":881,"thumbnail":{"url":"np://user.desktop.nicepage.com/Site_62529342/images/thumbnails/-min1.jpg","width":250,"height":184},"folderId":null,"originalUrl":"//images02.nicepage.com/c461c07a441a5d220e8feb1a/5914b5a84d835618bb9e374c/-min.jpg","usages":["925308050"]},{"id":"user-image-grad-crop.jpg","publicUrl":"np://user.desktop.nicepage.com/Site_62529342/images/grad-crop.jpg","size":124119,"hash":"x+k7fRbumYPtTbtVY2z3SkxqzqA=","fileName":"grad-crop.jpg","name":"grad-crop","width":1075,"height":754,"thumbnail":{"url":"np://user.desktop.nicepage.com/Site_62529342/images/thumbnails/grad-crop.jpg","width":250,"height":175},"folderId":null,"usages":["97792311"]},{"id":"user-image-peabody.jpg","publicUrl":"np://user.desktop.nicepage.com/Site_62529342/images/peabody.jpg","size":82464,"hash":"2Z7su4xwrzNUfhcsfCGA+VYqcjs=","fileName":"peabody.jpg","name":"peabody","width":720,"height":960,"thumbnail":{"url":"np://user.desktop.nicepage.com/Site_62529342/images/thumbnails/peabody.jpg","width":188,"height":250},"folderId":null,"usages":["97792311"]},{"id":"user-image-hold.jpg","publicUrl":"np://user.desktop.nicepage.com/Site_62529342/images/hold.jpg","size":271189,"hash":"HOwOKKvkLmnZPbUuMHafpBmRpXA=","fileName":"hold.jpg","name":"hold","width":2048,"height":1365,"thumbnail":{"url":"np://user.desktop.nicepage.com/Site_62529342/images/thumbnails/hold.jpg","width":250,"height":167},"folderId":null,"usages":["97792311"]},{"id":"user-image-at-board.png","publicUrl":"np://user.desktop.nicepage.com/Site_62529342/images/at-board.png","size":232973,"hash":"IHsermowTlJM6tUobJBzHbmTFCQ=","fileName":"at-board.png","name":"at-board","width":668,"height":512,"thumbnail":{"url":"np://user.desktop.nicepage.com/Site_62529342/images/thumbnails/at-board.png","width":250,"height":192},"folderId":null,"usages":["97792311"]},{"id":"user-image-arms-folded.jpg","publicUrl":"np://user.desktop.nicepage.com/Site_62529342/images/arms-folded.jpg","size":421199,"hash":"3TTngzJNvqM2h3aeG8oGaSBwTfw=","fileName":"arms-folded.jpg","name":"arms-folded","width":1440,"height":1800,"thumbnail":{"url":"np://user.desktop.nicepage.com/Site_62529342/images/thumbnails/arms-folded.jpg","width":200,"height":250},"folderId":null,"usages":["97792311"]},{"id":"user-image--min.jpg","publicUrl":"np://user.desktop.nicepage.com/Site_62529342/images/-min.jpg","size":153743,"hash":"F3ji64z0fS/IpYC2mHD5py0Ndqk=","fileName":"-min.jpg","name":"-min","width":1600,"height":971,"thumbnail":{"url":"np://user.desktop.nicepage.com/Site_62529342/images/thumbnails/-min.jpg","width":250,"height":152},"folderId":null,"originalUrl":"//images01.nicepage.com/c461c07a441a5d220e8feb1a/f790b890520451e08f7290a2/-min.jpg","usages":["2849218201","925308050"]},{"id":"user-image-gfggg-min.jpg","publicUrl":"np://user.desktop.nicepage.com/Site_62529342/images/gfggg-min.jpg","size":105290,"hash":"yuwcFfWvvziZihECFUW3IW3KWx4=","fileName":"gfggg-min.jpg","name":"gfggg-min","width":1200,"height":800,"thumbnail":{"url":"np://user.desktop.nicepage.com/Site_62529342/images/thumbnails/gfggg-min.jpg","width":250,"height":167},"folderId":null,"originalUrl":"//images01.nicepage.com/c461c07a441a5d220e8feb1a/474c9e82173f59dca4c194b5/gfggg-min.jpg","usages":["925308050"]},{"id":"user-image-8b19588e-4adb-bc52-e00a-5745928331b1.jpg","publicUrl":"np://user.desktop.nicepage.com/Site_62529342/images/8b19588e-4adb-bc52-e00a-5745928331b1.jpg","size":62511,"hash":"HXegTh+RxUzMOKvys0S0LBTmmjQ=","fileName":"8b19588e-4adb-bc52-e00a-5745928331b1.jpg","name":"8b19588e-4adb-bc52-e00a-5745928331b1","width":895,"height":1080,"thumbnail":{"url":"np://user.desktop.nicepage.com/Site_62529342/images/thumbnails/8b19588e-4adb-bc52-e00a-5745928331b1.jpg","width":207,"height":250},"folderId":null,"originalUrl":"//images01.nicepage.com/c461c07a441a5d220e8feb1a/43e88a513ee8594596cb37f5/8b19588e-4adb-bc52-e00a-5745928331b1.jpg","usages":["925308050"]},{"id":"user-image-trh.jpg","publicUrl":"np://user.desktop.nicepage.com/Site_62529342/images/trh.jpg","size":30473,"hash":"mhRnlPWNRbqe7e2ZOCAfClKYGZU=","fileName":"trh.jpg","name":"trh","width":1920,"height":1200,"thumbnail":{"url":"np://user.desktop.nicepage.com/Site_62529342/images/thumbnails/trh.jpg","width":250,"height":156},"folderId":null,"originalUrl":"//images03.nicepage.com/c461c07a441a5d220e8feb1a/4db3e7b4313f5d8dbe1b6bb6/trh.jpg","usages":["97792311","925308050"]},{"id":"user-image-ggg.jpg","publicUrl":"np://user.desktop.nicepage.com/Site_62529342/images/ggg.jpg","size":51439,"hash":"77TAuAmL/fwgoy6vA7FB43ARXio=","fileName":"ggg.jpg","name":"ggg","width":1090,"height":1080,"thumbnail":{"url":"np://user.desktop.nicepage.com/Site_62529342/images/thumbnails/ggg.jpg","width":250,"height":248},"folderId":null,"originalUrl":"//images01.nicepage.com/c461c07a441a5d220e8feb1a/7e1661407a6358d6815a1ac8/ggg.jpg","usages":["925308050"]}]